{
  "benchmark": "terminal-pipeline",
  "label": "ab-revive2",
  "timestamp": "2026-07-03T06:13:42.518Z",
  "terminal": {
    "program": "Orca",
    "version": "1.4.120-rc.2",
    "term": "xterm-256color",
    "cols": 282,
    "rows": 80,
    "tty": true
  },
  "machine": {
    "platform": "darwin",
    "arch": "arm64",
    "cpu": "Apple M4",
    "release": "25.2.0",
    "node": "v26.0.0"
  },
  "config": {
    "sizeMb": 3,
    "iterations": 5,
    "dsrCount": 200
  },
  "dsrIdle": {
    "count": 200,
    "p50": 1.5509170000000267,
    "p90": 6.049750000000017,
    "p99": 26.964707999999973,
    "max": 58.11133399999994,
    "timeouts": 0
  },
  "throughput": [
    {
      "fixture": "agent-tui",
      "fixtureBytes": 3146560,
      "wallMs": {
        "count": 5,
        "p50": 842.0814169999999,
        "p90": 1099.9383750000002,
        "p99": 1099.9383750000002,
        "max": 1099.9383750000002
      },
      "mbPerSec": {
        "count": 5,
        "p50": 3.563543140189318,
        "p90": 6.685369888993728,
        "p99": 6.685369888993728,
        "max": 6.685369888993728
      }
    }
  ],
  "dsrUnderLoad": {
    "paceBytesPerSec": 1048576,
    "count": 50,
    "p50": 20.340166999999383,
    "p90": 23.667874999999185,
    "p99": 26.1143749999992,
    "max": 26.1143749999992,
    "timeouts": 0
  }
}
