{
  "benchmark": "terminal-pipeline",
  "label": "ab-revive1",
  "timestamp": "2026-07-03T06:10:47.352Z",
  "terminal": {
    "program": "Orca",
    "version": "1.4.120-rc.2",
    "term": "xterm-256color",
    "cols": 282,
    "rows": 80,
    "tty": true
  },
  "machine": {
    "platform": "darwin",
    "arch": "arm64",
    "cpu": "Apple M4",
    "release": "25.2.0",
    "node": "v26.0.0"
  },
  "config": {
    "sizeMb": 3,
    "iterations": 5,
    "dsrCount": 200
  },
  "dsrIdle": {
    "count": 200,
    "p50": 1.8601670000000468,
    "p90": 5.375999999999749,
    "p99": 56.85245800000007,
    "max": 150.1708749999998,
    "timeouts": 0
  },
  "throughput": [
    {
      "fixture": "agent-tui",
      "fixtureBytes": 3146560,
      "wallMs": {
        "count": 5,
        "p50": 495.57854199999974,
        "p90": 681.5660830000002,
        "p99": 681.5660830000002,
        "max": 681.5660830000002
      },
      "mbPerSec": {
        "count": 5,
        "p50": 6.0551319371516525,
        "p90": 6.356255374434491,
        "p99": 6.356255374434491,
        "max": 6.356255374434491
      }
    }
  ],
  "dsrUnderLoad": {
    "paceBytesPerSec": 1048576,
    "count": 50,
    "p50": 21.363292,
    "p90": 30.362291999999798,
    "p99": 63.43170800000007,
    "max": 63.43170800000007,
    "timeouts": 0
  }
}
