{
  "benchmark": "terminal-pipeline",
  "label": "ab-perf2",
  "timestamp": "2026-07-03T06:12:09.101Z",
  "terminal": {
    "program": "Orca",
    "version": "1.4.120-rc.2",
    "term": "xterm-256color",
    "cols": 282,
    "rows": 80,
    "tty": true
  },
  "machine": {
    "platform": "darwin",
    "arch": "arm64",
    "cpu": "Apple M4",
    "release": "25.2.0",
    "node": "v26.0.0"
  },
  "config": {
    "sizeMb": 3,
    "iterations": 5,
    "dsrCount": 200
  },
  "dsrIdle": {
    "count": 200,
    "p50": 2.5035420000000386,
    "p90": 7.941792000000078,
    "p99": 64.25354199999992,
    "max": 116.01079200000004,
    "timeouts": 0
  },
  "throughput": [
    {
      "fixture": "agent-tui",
      "fixtureBytes": 3146560,
      "wallMs": {
        "count": 5,
        "p50": 578.8935000000001,
        "p90": 920.4295000000002,
        "p99": 920.4295000000002,
        "max": 920.4295000000002
      },
      "mbPerSec": {
        "count": 5,
        "p50": 5.183671015534376,
        "p90": 5.973845867316144,
        "p99": 5.973845867316144,
        "max": 5.973845867316144
      }
    }
  ],
  "dsrUnderLoad": {
    "paceBytesPerSec": 1048576,
    "count": 50,
    "p50": 21.290749999998297,
    "p90": 89.16362500000014,
    "p99": 218.11587500000041,
    "max": 218.11587500000041,
    "timeouts": 0
  }
}
