{
  "benchmark": "terminal-pipeline",
  "label": "ab-perf1",
  "timestamp": "2026-07-03T06:09:49.149Z",
  "terminal": {
    "program": "Orca",
    "version": "1.4.120-rc.2",
    "term": "xterm-256color",
    "cols": 282,
    "rows": 80,
    "tty": true
  },
  "machine": {
    "platform": "darwin",
    "arch": "arm64",
    "cpu": "Apple M4",
    "release": "25.2.0",
    "node": "v26.0.0"
  },
  "config": {
    "sizeMb": 3,
    "iterations": 5,
    "dsrCount": 200
  },
  "dsrIdle": {
    "count": 200,
    "p50": 0.8596250000000509,
    "p90": 3.434625000000011,
    "p99": 11.113249999999994,
    "max": 22.399957999999998,
    "timeouts": 0
  },
  "throughput": [
    {
      "fixture": "agent-tui",
      "fixtureBytes": 3146560,
      "wallMs": {
        "count": 5,
        "p50": 449.3374170000002,
        "p90": 512.6463329999997,
        "p99": 512.6463329999997,
        "max": 512.6463329999997
      },
      "mbPerSec": {
        "count": 5,
        "p50": 6.678263023511458,
        "p90": 6.9715260306977545,
        "p99": 6.9715260306977545,
        "max": 6.9715260306977545
      }
    }
  ],
  "dsrUnderLoad": {
    "paceBytesPerSec": 1048576,
    "count": 50,
    "p50": 19.932582999999795,
    "p90": 23.195832999999766,
    "p99": 107.79945800000041,
    "max": 107.79945800000041,
    "timeouts": 0
  }
}
